<?xml version="1.0" encoding="utf-8" ?><dwsync><file name="javascript3.js" server="webkurs.hs-woe.de//public_html/internettechnologie2/" local="3793283235" remote="3793341660" Dst="-1" /><file name="javascript10.js" server="webkurs.hs-woe.de//public_html/internettechnologie2/" local="3793295228" remote="3793341660" Dst="-1" /><file name="javascript7.js" server="webkurs.hs-woe.de//public_html/internettechnologie2/" local="3793291086" remote="3793341660" Dst="-1" /><file name="javascript6.js" server="webkurs.hs-woe.de//public_html/internettechnologie2/" local="3793289059" remote="3793341660" Dst="-1" /><file name="javascript2.js" server="webkurs.hs-woe.de//public_html/internettechnologie2/" local="3793281024" remote="3793341660" Dst="-1" /><file name="abschlussuebung.js" server="webkurs.hs-woe.de//public_html/internettechnologie2/" local="3793343064" remote="3793341660" Dst="-1" /><file name="javascript9.js" server="webkurs.hs-woe.de//public_html/internettechnologie2/" local="3793293793" remote="3793341660" Dst="-1" /><file name="javascript8.js" server="webkurs.hs-woe.de//public_html/internettechnologie2/" local="3793291968" remote="3793341660" Dst="-1" /><file name="javascript.js" server="webkurs.hs-woe.de//public_html/internettechnologie2/" local="3793275285" remote="3793341660" Dst="-1" /><file name="javascript5.js" server="webkurs.hs-woe.de//public_html/internettechnologie2/" local="3793286744" remote="3793341660" Dst="-1" /><file name="javascript1.js" server="webkurs.hs-woe.de//public_html/internettechnologie2/" local="3793278846" remote="3793341660" Dst="-1" /><file name="javascript4.js" server="webkurs.hs-woe.de//public_html/internettechnologie2/" local="3793284983" remote="3793341660" Dst="-1" /></dwsync>