<?xml version="1.0" encoding="utf-8" ?><dwsync><file name="index.htm" server="webkurs.hs-woe.de//public_html/internettechnologie2/" local="3793275283" remote="3793341660" Dst="-1" /><file name="index9.htm" server="webkurs.hs-woe.de//public_html/internettechnologie2/" local="3793293571" remote="3793341660" Dst="-1" /><file name="index6.htm" server="webkurs.hs-woe.de//public_html/internettechnologie2/" local="3793287629" remote="3793341660" Dst="-1" /><file name="index8.htm" server="webkurs.hs-woe.de//public_html/internettechnologie2/" local="3793291741" remote="3793341660" Dst="-1" /><file name="index7.htm" server="webkurs.hs-woe.de//public_html/internettechnologie2/" local="3793291180" remote="3793341660" Dst="-1" /><file name="index5.htm" server="webkurs.hs-woe.de//public_html/internettechnologie2/" local="3793286733" remote="3793341660" Dst="-1" /><file name="index4.htm" server="webkurs.hs-woe.de//public_html/internettechnologie2/" local="3793283277" remote="3793341660" Dst="-1" /><file name="index1.htm" server="webkurs.hs-woe.de//public_html/internettechnologie2/" local="3793277934" remote="3793341660" Dst="-1" /><file name="index3.htm" server="webkurs.hs-woe.de//public_html/internettechnologie2/" local="3793282948" remote="3793341660" Dst="-1" /><file name="abschlussuebung.htm" server="webkurs.hs-woe.de//public_html/internettechnologie2/" local="3793344832" remote="3793341660" Dst="-1" /><file name="index2.htm" server="webkurs.hs-woe.de//public_html/internettechnologie2/" local="3793278924" remote="3793341660" Dst="-1" /></dwsync>